<?xml version="1.0" encoding="UTF-8"?>
<GenRun Id="ROBOAT_IP_CNTR_synth_1" LaunchPart="xc7a35tcpg236-1" LaunchTime="1770634142">
  <File Type="RDS-DCP" Name="ROBOAT_IP_CNTR.dcp"/>
  <File Type="RDS-RDS" Name="ROBOAT_IP_CNTR.vds"/>
  <File Type="REPORTS-TCL" Name="ROBOAT_IP_CNTR_reports.tcl"/>
  <File Type="PA-TCL" Name="ROBOAT_IP_CNTR.tcl"/>
  <File Type="RDS-UTIL" Name="ROBOAT_IP_CNTR_utilization_synth.rpt"/>
  <File Type="RDS-UTIL-PB" Name="ROBOAT_IP_CNTR_utilization_synth.pb"/>
  <FileSet Name="sources" Type="BlockSrcs" RelSrcDir="$PSRCDIR/ROBOAT_IP_CNTR" RelGenDir="$PGENDIR/ROBOAT_IP_CNTR">
    <File Path="$PSRCDIR/sources_1/bd/ROBOAT_IP_CNTR/ROBOAT_IP_CNTR.bd">
      <FileInfo>
        <Attr Name="UsedIn" Val="synthesis"/>
        <Attr Name="UsedIn" Val="implementation"/>
        <Attr Name="UsedIn" Val="simulation"/>
      </FileInfo>
    </File>
    <Config>
      <Option Name="TopModule" Val="ROBOAT_IP_CNTR"/>
      <Option Name="UseBlackboxStub" Val="1"/>
    </Config>
  </FileSet>
  <FileSet Name="constrs_in" Type="BlockSrcs" RelSrcDir="$PSRCDIR/ROBOAT_IP_CNTR" RelGenDir="$PGENDIR/ROBOAT_IP_CNTR">
    <File Path="$PSRCDIR/sources_1/bd/ROBOAT_IP_CNTR/ROBOAT_IP_CNTR.bd">
      <FileInfo>
        <Attr Name="UsedIn" Val="synthesis"/>
        <Attr Name="UsedIn" Val="implementation"/>
        <Attr Name="UsedIn" Val="simulation"/>
      </FileInfo>
    </File>
    <Config>
      <Option Name="TopModule" Val="ROBOAT_IP_CNTR"/>
      <Option Name="UseBlackboxStub" Val="1"/>
    </Config>
  </FileSet>
  <FileSet Name="utils" Type="Utils" RelSrcDir="$PSRCDIR/utils_1" RelGenDir="$PGENDIR/utils_1">
    <Filter Type="Utils"/>
    <File Path="$PSRCDIR/utils_1/imports/synth_1/soc_hello_wrapper.dcp">
      <FileInfo>
        <Attr Name="UsedIn" Val="synthesis"/>
        <Attr Name="UsedIn" Val="implementation"/>
        <Attr Name="UsedInSteps" Val="synth_1"/>
        <Attr Name="AutoDcp" Val="1"/>
      </FileInfo>
    </File>
    <Config>
      <Option Name="TopAutoSet" Val="TRUE"/>
    </Config>
  </FileSet>
  <Strategy Version="1" Minor="2">
    <StratHandle Name="Vivado Synthesis Defaults" Flow="Vivado Synthesis 2024"/>
    <Step Id="synth_design"/>
  </Strategy>
</GenRun>
